eps,min_samples,score
0.3,3,0.4450765757458439
0.3,5,0.3960576030544507
0.5,3,0.34129045329540547
0.5,5,0.40405066492881
0.5,10,0.6476378033809491
0.7,3,0.17928978814629867
0.7,5,0.19406900428291216
0.7,10,0.2686067912890606
1.0,3,0.018440501357897928
1.0,5,0.10304174373647616
1.0,10,0.1327864575888422
