eps,min_samples,score
0.3,3,0.9836715
0.5,3,0.9662841
0.7,3,0.8746588
1.0,3,0.7439322
1.0,5,0.9462558
