eps,min_samples,score
0.3,3,0.3212603238483836
0.3,5,0.611359571484907
0.3,10,0.5802737776327955
0.5,3,0.6144127682022225
0.5,5,0.6716098194694278
0.5,10,0.6982938064279146
0.7,3,0.5038195566255379
0.7,5,0.6282710984263024
0.7,10,0.7066130206882214
1.0,10,0.6864830650900531
