n_clusters,score
2,0.18360364327054607
3,0.10859990157021789
4,0.08362761580947453
5,0.08911680675889234
6,0.09689434853004275
7,0.09856935744926792
8,0.09480079820753104
9,0.1006541420000075
10,0.09915134769254234
