n_clusters,score
2,0.18305898454021424
3,0.18885411400654425
4,0.22461565871662698
5,0.20250397837283765
6,0.22353863658441564
7,0.21246534812670081
8,0.2227719534786388
9,0.23716515352961556
10,0.24721292138934312
