n_clusters,score
2,0.35796222
3,0.30233812
4,0.3950851
5,0.40733603
6,0.39952758
7,0.40019372
8,0.39921984
9,0.39291078
10,0.38167298
