eps,min_samples,score
0.3,3,0.8938368036175759
0.5,3,0.8766737251683921
0.7,3,0.7942697614134804
0.7,5,0.8461224494435852
1.0,3,0.6757326293836342
1.0,5,0.758719500895561
