n_clusters,score
2,0.5161110169641161
3,0.6833922506856251
4,0.6889374327626936
5,0.6358140611968012
6,0.5752465092072687
7,0.4816244575257745
8,0.42677541267755204
9,0.4124880121283969
10,0.3924331062910422
