n_clusters,score
2,0.3048406000963637
3,0.1910457733615793
4,0.20299600402080265
5,0.2140858730926855
6,0.18118605400215243
7,0.1785974548135129
8,0.13767480242313188
9,0.15063104864524215
10,0.15319728188115003
