eps,min_samples,score
0.3,3,-0.22499906780907988
0.3,5,-0.11981637347380121
0.3,10,-0.044872233153064316
0.5,10,0.4883033686542159
