n_clusters,score
2,0.33448457298033857
3,0.3451766058117283
4,0.25723900469801736
5,0.30265237258778827
6,0.30457077051515624
7,0.2860635050885623
8,0.2678158800518118
9,0.26439974280397727
10,0.2632022914992506
