eps,min_samples,score
0.3,3,0.9886653198301645
0.5,3,0.7495103855962294
0.7,3,0.22740731292020366
0.7,5,0.15334564812630103
0.7,10,0.4487511324566592
1.0,3,0.18771687802562126
1.0,5,0.09823237835298641
1.0,10,0.1688063097749794
