n_clusters,score
2,0.5366377038453984
3,0.5413751738770091
4,0.49017907833387603
5,0.505716068942012
6,0.48087152553189905
7,0.42341805463172333
8,0.3507422379087013
9,0.3465342987722788
10,0.3336529876956574
