eps,min_samples,score
0.3,3,0.9832279
0.5,3,0.86446846
0.5,5,0.9654781
0.7,3,0.73305035
0.7,5,0.8386607
1.0,3,0.5634148
1.0,5,0.7012242
