eps,min_samples,score
0.3,3,0.22512149449116503
0.3,5,0.20558692679422724
0.3,10,0.25338178878862105
0.5,3,0.251151616984532
0.5,5,0.3368216677584063
0.5,10,0.44067583648107816
0.7,3,0.15976502884503244
0.7,5,0.1923175209120254
0.7,10,0.2982129707378968
1.0,3,0.004558055724417291
1.0,5,0.08037981529310467
1.0,10,0.20664295207342
