n_clusters,score
2,0.41507807
3,0.42043328
4,0.4613342
5,0.5065269
6,0.49633443
7,0.47781417
8,0.4383271
9,0.461311
10,0.46298152
