n_clusters,score
2,0.19181171562137558
3,0.14977149971567433
4,0.14903699192032835
5,0.1569783352326891
6,0.15938193238657172
7,0.14779280681759813
8,0.13145168895331827
9,0.13957921571725046
10,0.14770420988159444
