n_clusters,score
2,0.38906919912351845
3,0.41922156149241624
4,0.3849523729148069
5,0.3879063992368481
6,0.37868885200773134
7,0.39070037792087464
8,0.34905314038139323
9,0.3457056169309023
10,0.3462923442066906
