eps,min_samples,score
0.3,3,-0.44328512055844466
0.3,5,-0.2946275553915123
0.3,10,-0.1618406340257979
0.5,3,-0.37415950252619457
0.5,5,-0.2513331428716415
0.5,10,0.020592290499238778
0.7,3,-0.25478635481065565
0.7,5,-0.03207912551838253
0.7,10,0.12075376796988659
1.0,3,0.04027162002604668
1.0,5,0.43756340747271466
1.0,10,0.4070827577180624
