eps,min_samples,score
0.3,3,0.00459368520569885
0.3,5,0.05836927499873605
0.3,10,0.19011272347419927
0.5,3,-0.4162134435237243
0.5,5,-0.3696851076331078
0.5,10,-0.19030984232512643
0.7,3,-0.4305191301276095
0.7,5,-0.378623213971046
0.7,10,-0.08546654883160971
1.0,3,-0.3437260854481935
1.0,5,-0.1315488106709746
1.0,10,0.02459969158163802
