eps,min_samples,score
0.3,3,0.88670087
0.3,5,0.9378836
0.5,3,0.7488537
0.5,5,0.8559637
0.5,10,0.9967767
0.7,3,0.6208081
0.7,5,0.75838757
0.7,10,0.8714688
1.0,3,0.42360792
1.0,5,0.55305433
1.0,10,0.83078206
