eps,min_samples,score
0.3,3,0.3317817590952392
0.3,5,0.30212026074181525
0.3,10,0.49463180373058996
0.5,3,0.46085655053439734
0.5,5,0.6429084834462283
0.5,10,0.6664810130017147
0.7,3,0.7299579390067471
0.7,5,0.7460450389806396
1.0,3,0.8069303892011154
1.0,5,0.8081072350204368
