n_clusters,score
2,0.33102518954537313
3,0.3114379650171037
4,0.316283029264384
5,0.29502774359430206
6,0.21089579243299408
7,0.22685775534862193
8,0.23024593438275792
9,0.23439076746235088
10,0.17486464252695877
