n_clusters,score
2,0.348772
3,0.36399725
4,0.35450423
5,0.35421887
6,0.38203645
7,0.37790793
8,0.37342742
9,0.3578095
10,0.35771987
