n_clusters,score
2,0.25445388103121047
3,0.15764312663939486
4,0.17264553937291302
5,0.18835417993352138
6,0.17389466345143606
7,0.14226442598946734
8,0.1467622107555625
9,0.13024647137400938
10,0.1307105467723993
