n_clusters,score
2,0.40758866
3,0.4719126
4,0.51258874
5,0.578543
6,0.5726343
7,0.5260477
8,0.4962251
9,0.4843064
10,0.470283
