eps,min_samples,score
0.3,3,0.95077014
0.5,3,0.84491765
0.5,5,0.9804403
0.7,3,0.67120045
0.7,5,0.8603777
1.0,3,0.50492394
1.0,5,0.6312425
