eps,min_samples,score
0.3,3,0.47260304020861565
0.3,5,0.5376626026783847
0.3,10,0.7294532388977295
0.5,3,0.18625362446304558
0.5,5,0.240894022616917
0.5,10,0.37149381169835416
0.7,3,-0.007099718577613659
0.7,5,0.07903622540089353
0.7,10,0.17959381935620872
1.0,3,-0.09182099459640451
1.0,5,0.049249773058614645
1.0,10,0.06681740162630409
