n_clusters,score
2,0.6378093941669064
3,0.5413086561581987
4,0.5153609608254347
5,0.5302298575537931
6,0.5117012406712794
7,0.4961906723058719
8,0.5061447721620662
9,0.5256691955663488
10,0.49107104464961177
