eps,min_samples,score
0.3,3,0.48734446897578704
0.3,5,0.580359631031406
0.3,10,0.8141379765991508
0.5,3,0.23732593555278741
0.5,5,0.2533840742322324
0.5,10,0.4621500629764624
0.7,3,0.0608641357386811
0.7,5,0.10476732664107205
0.7,10,0.23037230411076956
1.0,3,0.05254716512203014
1.0,5,0.10087030464037461
1.0,10,0.1483183558079875
