n_clusters,score
2,0.32347915867642923
3,0.17319673330947846
4,0.1959312386508359
5,0.17530614387049787
6,0.1663911744563889
7,0.1477020337433303
8,0.14363476371741635
9,0.14905273325940252
10,0.15100944853526843
